Performance Rating,Environment Satisfaction,Employee Number,Relationship Satisfaction,Attrition,Over Time,Job Satisfaction,Work Life Balance,CF_attrition label
3,2,1,1,Yes,Yes,4,1,Ex-Employees
4,3,2,4,No,No,2,3,Current Employees
3,4,4,2,Yes,Yes,3,3,Ex-Employees
3,4,5,3,No,Yes,3,3,Current Employees
3,1,7,4,No,No,2,3,Current Employees
3,4,8,3,No,No,4,2,Current Employees
4,3,10,1,No,Yes,1,2,Current Employees
4,4,11,2,No,No,3,3,Current Employees
4,4,12,2,No,No,3,3,Current Employees
3,3,13,2,No,No,3,2,Current Employees
3,1,14,3,No,No,2,3,Current Employees
3,4,15,4,No,Yes,3,3,Current Employees
3,1,16,4,No,No,3,2,Current Employees
3,2,18,3,No,No,4,3,Current Employees
3,3,19,2,Yes,Yes,3,3,Ex-Employees
3,2,20,3,No,No,1,3,Current Employees
3,1,21,4,No,Yes,2,2,Current Employees
3,4,22,2,No,Yes,4,2,Current Employees
3,1,23,3,No,No,4,3,Current Employees
3,4,24,3,No,Yes,4,3,Current Employees
3,1,26,4,No,No,3,2,Current Employees
4,3,27,2,Yes,No,1,3,Ex-Employees
3,1,28,3,No,No,2,3,Current Employees
3,3,30,4,No,No,4,3,Current Employees
3,2,31,3,Yes,No,1,3,Ex-Employees
3,3,32,4,No,No,3,2,Current Employees
4,2,33,2,Yes,Yes,1,3,Ex-Employees
3,3,35,4,No,No,2,3,Current Employees
3,1,36,4,No,No,4,3,Current Employees
3,2,38,4,No,No,1,2,Current Employees
3,3,39,4,No,No,4,3,Current Employees
3,4,40,4,No,Yes,4,4,Current Employees
3,4,41,1,No,No,3,3,Current Employees
3,4,42,3,Yes,No,4,4,Ex-Employees
3,2,45,1,Yes,Yes,4,2,Ex-Employees
3,4,46,4,No,No,3,2,Current Employees
3,1,47,3,Yes,Yes,3,3,Ex-Employees
3,4,49,1,No,No,4,3,Current Employees
3,2,51,4,No,Yes,1,4,Current Employees
3,3,52,1,No,No,1,3,Current Employees
3,3,53,3,No,No,4,3,Current Employees
3,4,54,4,No,No,1,3,Current Employees
3,1,55,3,Yes,No,3,2,Ex-Employees
3,4,56,4,No,No,3,3,Current Employees
4,3,57,4,No,No,4,3,Current Employees
3,2,58,4,Yes,No,3,3,Ex-Employees
4,2,60,3,No,No,3,3,Current Employees
4,2,61,1,No,No,2,3,Current Employees
4,1,62,3,No,Yes,4,3,Current Employees
3,4,63,4,No,No,4,3,Current Employees
3,1,64,4,Yes,Yes,3,3,Ex-Employees
3,3,65,3,Yes,Yes,3,2,Ex-Employees
4,2,68,3,No,Yes,1,2,Current Employees
3,3,70,3,No,Yes,1,3,Current Employees
3,3,72,3,No,Yes,4,2,Current Employees
3,1,73,3,No,Yes,4,3,Current Employees
4,2,74,4,No,No,1,2,Current Employees
3,3,75,3,No,Yes,1,3,Current Employees
4,4,76,4,No,No,4,2,Current Employees
3,1,77,3,No,No,3,4,Current Employees
4,1,78,2,No,Yes,4,3,Current Employees
3,4,79,4,No,No,4,3,Current Employees
3,2,80,4,No,Yes,3,2,Current Employees
3,1,81,4,No,No,1,2,Current Employees
3,3,83,2,No,No,3,3,Current Employees
3,4,84,3,No,Yes,3,3,Current Employees
3,2,85,3,No,No,2,3,Current Employees
3,2,86,3,No,No,1,3,Current Employees
3,2,88,4,No,No,1,2,Current Employees
3,4,90,1,Yes,Yes,3,2,Ex-Employees
3,1,91,4,No,No,3,2,Current Employees
4,3,94,4,No,No,2,3,Current Employees
3,3,95,2,No,No,2,3,Current Employees
3,2,96,2,No,No,2,3,Current Employees
3,2,97,2,No,No,4,3,Current Employees
4,3,98,4,No,No,4,3,Current Employees
3,3,100,2,No,No,1,3,Current Employees
3,4,101,2,No,Yes,1,4,Current Employees
3,1,102,1,No,No,3,4,Current Employees
4,2,103,4,No,Yes,2,3,Current Employees
3,4,104,3,No,Yes,4,2,Current Employees
3,2,105,1,No,No,3,3,Current Employees
3,1,106,4,No,No,4,3,Current Employees
3,2,107,4,No,Yes,4,3,Current Employees
3,1,110,3,No,No,2,3,Current Employees
3,4,112,1,No,No,4,2,Current Employees
3,3,113,3,No,No,1,3,Current Employees
4,4,116,2,No,No,4,3,Current Employees
3,3,117,1,No,No,4,3,Current Employees
3,3,118,4,Yes,No,4,3,Ex-Employees
4,3,119,4,No,No,2,2,Current Employees
4,3,120,4,No,Yes,4,1,Current Employees
3,3,121,2,No,Yes,2,2,Current Employees
3,3,124,3,No,Yes,1,2,Current Employees
3,2,125,1,No,No,3,3,Current Employees
3,1,126,1,No,No,3,1,Current Employees
4,1,128,1,No,No,3,2,Current Employees
3,2,129,2,No,No,3,4,Current Employees
3,4,131,3,No,No,3,2,Current Employees
3,2,132,3,No,No,2,4,Current Employees
4,3,133,4,Yes,Yes,1,3,Ex-Employees
3,4,134,4,No,No,1,3,Current Employees
3,4,137,2,Yes,Yes,4,3,Ex-Employees
3,1,138,3,No,No,3,3,Current Employees
3,3,139,4,No,No,4,4,Current Employees
4,3,140,4,No,No,4,3,Current Employees
3,1,141,1,No,Yes,2,2,Current Employees
3,3,142,4,Yes,Yes,3,3,Ex-Employees
3,4,143,3,No,No,4,3,Current Employees
3,2,144,3,No,No,4,3,Current Employees
4,1,145,3,No,No,1,2,Current Employees
4,1,147,4,Yes,Yes,3,3,Ex-Employees
3,4,148,3,No,Yes,4,3,Current Employees
3,2,150,3,No,No,3,3,Current Employees
3,3,151,3,No,No,2,3,Current Employees
3,3,152,1,No,No,4,3,Current Employees
3,3,153,4,No,No,1,3,Current Employees
3,2,154,3,No,No,4,3,Current Employees
4,1,155,1,No,No,4,3,Current Employees
3,3,158,4,No,Yes,4,4,Current Employees
4,1,159,3,No,No,3,2,Current Employees
3,3,160,1,No,No,2,4,Current Employees
3,2,161,1,Yes,Yes,2,3,Ex-Employees
3,1,162,3,No,No,3,3,Current Employees
3,2,163,2,Yes,Yes,3,2,Ex-Employees
3,3,164,3,No,No,2,2,Current Employees
3,4,165,4,Yes,No,4,2,Ex-Employees
3,4,167,4,Yes,Yes,3,2,Ex-Employees
3,3,169,3,No,No,4,3,Current Employees
3,3,170,3,No,No,1,2,Current Employees
3,2,171,4,No,No,3,3,Current Employees
3,3,174,4,No,No,4,3,Current Employees
3,2,175,3,Yes,Yes,3,3,Ex-Employees
3,3,176,3,No,Yes,3,3,Current Employees
4,3,177,4,No,No,3,3,Current Employees
4,2,178,4,No,No,2,3,Current Employees
3,1,179,4,Yes,No,4,3,Ex-Employees
3,4,182,3,No,No,3,4,Current Employees
3,1,183,4,No,No,3,3,Current Employees
3,3,184,4,No,Yes,4,1,Current Employees
4,1,190,1,Yes,No,1,4,Ex-Employees
3,3,192,2,No,No,4,2,Current Employees
4,4,193,2,No,Yes,3,3,Current Employees
3,1,194,3,No,No,3,2,Current Employees
3,4,195,4,No,No,4,4,Current Employees
3,4,197,4,No,No,1,3,Current Employees
3,2,198,4,No,No,4,3,Current Employees
3,4,199,2,No,No,1,2,Current Employees
4,3,200,4,No,No,1,3,Current Employees
3,2,201,4,No,No,2,3,Current Employees
3,2,202,1,No,No,2,3,Current Employees
3,3,204,1,No,No,2,3,Current Employees
4,2,205,4,No,Yes,3,1,Current Employees
3,2,206,3,No,No,2,1,Current Employees
3,2,207,4,No,No,4,3,Current Employees
3,4,208,1,No,No,3,3,Current Employees
3,2,211,3,No,No,3,3,Current Employees
4,2,214,2,No,Yes,2,2,Current Employees
3,3,215,1,No,No,4,2,Current Employees
3,3,216,4,No,No,3,3,Current Employees
4,3,217,1,No,No,4,3,Current Employees
3,4,218,4,No,No,2,1,Current Employees
3,3,221,3,No,No,4,1,Current Employees
3,3,223,2,No,Yes,4,1,Current Employees
3,3,224,4,No,Yes,3,2,Current Employees
3,3,226,2,No,No,2,3,Current Employees
3,1,227,1,No,No,3,3,Current Employees
3,2,228,3,No,No,4,3,Current Employees
4,1,230,3,No,No,4,4,Current Employees
4,3,231,1,No,No,3,3,Current Employees
3,3,233,4,No,Yes,2,2,Current Employees
4,3,235,1,Yes,No,1,4,Ex-Employees
3,4,238,3,No,No,2,2,Current Employees
3,3,239,3,No,No,1,3,Current Employees
3,3,240,1,No,Yes,1,4,Current Employees
3,3,241,3,No,Yes,1,3,Current Employees
3,3,242,1,No,No,4,4,Current Employees
4,2,243,3,Yes,No,4,2,Ex-Employees
4,2,244,3,No,No,1,3,Current Employees
3,3,245,3,No,No,4,3,Current Employees
4,3,246,3,No,Yes,4,3,Current Employees
3,4,247,4,No,No,2,3,Current Employees
4,2,248,4,Yes,Yes,2,2,Ex-Employees
3,3,249,4,No,No,3,2,Current Employees
3,4,250,3,No,No,1,3,Current Employees
3,4,252,4,No,No,2,3,Current Employees
3,4,253,2,No,No,3,3,Current Employees
3,3,254,4,No,No,2,3,Current Employees
3,4,256,3,No,No,3,2,Current Employees
3,4,258,3,No,No,2,3,Current Employees
3,3,259,1,No,No,3,3,Current Employees
3,4,260,4,No,No,2,2,Current Employees
3,2,261,1,Yes,Yes,3,3,Ex-Employees
3,4,262,4,No,No,4,4,Current Employees
4,1,264,4,No,No,4,3,Current Employees
3,2,267,1,No,Yes,1,2,Current Employees
3,2,269,4,No,No,2,3,Current Employees
3,3,270,2,No,No,3,3,Current Employees
3,4,271,2,No,No,3,3,Current Employees
3,4,273,1,No,No,4,1,Current Employees
3,3,274,3,No,No,1,3,Current Employees
3,4,275,1,No,Yes,4,3,Current Employees
3,4,277,4,No,Yes,3,4,Current Employees
3,3,281,3,No,Yes,4,4,Current Employees
3,2,282,2,Yes,Yes,1,3,Ex-Employees
4,2,283,4,Yes,No,4,2,Ex-Employees
3,4,284,1,No,Yes,2,2,Current Employees
3,2,286,1,No,No,4,3,Current Employees
3,4,287,4,No,No,4,1,Current Employees
3,4,288,3,No,No,1,3,Current Employees
3,4,291,3,Yes,No,4,2,Ex-Employees
4,3,292,3,No,No,3,3,Current Employees
3,4,293,4,No,No,3,3,Current Employees
3,2,296,4,No,No,2,1,Current Employees
3,4,297,3,Yes,Yes,1,3,Ex-Employees
3,4,298,3,No,Yes,4,3,Current Employees
3,3,299,3,Yes,No,1,2,Ex-Employees
3,3,300,4,Yes,No,3,2,Ex-Employees
3,4,302,4,No,No,4,3,Current Employees
3,4,303,4,No,No,1,3,Current Employees
3,4,304,4,No,No,2,4,Current Employees
4,3,305,4,No,No,2,3,Current Employees
3,2,306,3,No,Yes,4,3,Current Employees
3,1,307,3,No,No,3,2,Current Employees
3,3,308,4,No,No,3,3,Current Employees
3,3,309,1,No,No,4,3,Current Employees
3,1,311,3,No,No,4,3,Current Employees
3,2,312,4,No,No,4,3,Current Employees
3,3,314,1,No,No,3,4,Current Employees
3,3,315,3,Yes,Yes,4,2,Ex-Employees
3,3,316,2,No,No,4,2,Current Employees
3,3,319,4,No,No,4,3,Current Employees
3,2,321,4,No,No,3,2,Current Employees
3,4,323,3,No,No,4,2,Current Employees
3,3,325,3,Yes,Yes,4,1,Ex-Employees
4,4,327,3,No,Yes,4,3,Current Employees
4,1,328,1,Yes,No,1,4,Ex-Employees
3,1,329,4,No,Yes,3,4,Current Employees
3,3,330,1,No,No,2,3,Current Employees
3,4,331,4,Yes,Yes,3,1,Ex-Employees
3,3,332,3,No,No,3,3,Current Employees
3,3,333,1,No,No,4,3,Current Employees
3,3,334,1,No,No,1,2,Current Employees
3,1,335,1,No,No,4,3,Current Employees
3,3,336,3,No,No,4,3,Current Employees
3,2,337,1,No,No,3,3,Current Employees
3,3,338,3,No,No,4,2,Current Employees
3,4,339,2,No,No,1,3,Current Employees
3,3,340,1,No,No,1,2,Current Employees
3,1,341,4,No,No,3,3,Current Employees
3,1,342,2,Yes,No,3,3,Ex-Employees
4,3,343,4,No,No,3,3,Current Employees
3,3,346,1,No,No,4,3,Current Employees
3,4,347,3,No,Yes,1,3,Current Employees
3,4,349,4,No,No,4,3,Current Employees
3,1,350,4,No,No,3,3,Current Employees
3,4,351,3,No,Yes,1,3,Current Employees
3,1,352,4,No,No,3,3,Current Employees
3,3,353,2,No,No,4,2,Current Employees
3,3,355,2,Yes,No,2,4,Ex-Employees
4,2,359,3,No,No,2,1,Current Employees
3,4,361,4,No,No,4,3,Current Employees
3,4,362,4,No,No,1,3,Current Employees
3,3,363,2,No,Yes,2,2,Current Employees
3,1,364,3,Yes,No,3,1,Ex-Employees
3,1,366,2,No,No,2,3,Current Employees
4,2,367,2,No,No,4,3,Current Employees
3,2,369,4,No,No,1,3,Current Employees
3,3,372,2,No,Yes,4,3,Current Employees
3,4,373,3,No,No,4,3,Current Employees
3,4,374,3,No,Yes,1,3,Current Employees
3,1,376,4,Yes,Yes,2,2,Ex-Employees
4,4,377,4,No,No,4,2,Current Employees
3,3,378,2,No,No,4,4,Current Employees
3,4,379,1,No,No,3,4,Current Employees
3,1,380,1,No,Yes,4,3,Current Employees
3,2,381,2,No,No,2,2,Current Employees
4,1,382,3,No,Yes,1,3,Current Employees
4,3,384,1,No,No,2,1,Current Employees
3,1,385,1,No,No,2,2,Current Employees
3,3,386,4,No,Yes,3,2,Current Employees
4,2,387,3,No,No,3,3,Current Employees
3,2,388,1,No,No,4,2,Current Employees
3,2,389,4,No,Yes,4,3,Current Employees
3,1,390,3,No,Yes,1,3,Current Employees
3,4,391,2,No,No,4,3,Current Employees
4,4,392,4,Yes,Yes,3,1,Ex-Employees
3,4,393,2,No,No,4,3,Current Employees
3,1,394,4,Yes,Yes,2,3,Ex-Employees
4,4,395,4,No,No,4,3,Current Employees
3,3,396,4,No,Yes,1,3,Current Employees
3,3,397,4,No,No,2,3,Current Employees
3,4,399,3,No,No,2,2,Current Employees
3,4,401,2,Yes,Yes,4,3,Ex-Employees
3,2,403,3,No,Yes,4,2,Current Employees
3,3,404,4,No,No,2,4,Current Employees
3,3,405,3,Yes,No,3,3,Ex-Employees
3,3,406,3,No,No,2,2,Current Employees
3,3,407,4,No,No,4,3,Current Employees
3,4,408,4,No,No,2,3,Current Employees
3,4,410,2,No,No,2,3,Current Employees
3,4,411,1,No,No,3,3,Current Employees
3,2,412,3,No,No,1,3,Current Employees
3,2,416,2,No,No,4,2,Current Employees
3,3,417,1,No,No,4,2,Current Employees
3,2,419,3,No,No,2,3,Current Employees
3,4,420,3,No,No,3,2,Current Employees
3,1,421,3,No,No,2,3,Current Employees
3,4,422,4,No,Yes,3,3,Current Employees
3,3,423,3,No,Yes,4,3,Current Employees
3,1,424,4,No,No,1,3,Current Employees
3,1,425,1,No,No,1,3,Current Employees
3,3,426,2,No,Yes,4,1,Current Employees
3,4,428,2,No,No,2,3,Current Employees
3,3,429,4,No,Yes,1,3,Current Employees
3,3,430,1,No,No,4,3,Current Employees
3,3,431,4,No,Yes,3,3,Current Employees
3,3,433,1,Yes,No,2,2,Ex-Employees
3,3,434,2,No,Yes,2,2,Current Employees
3,3,436,4,No,Yes,2,3,Current Employees
3,4,437,1,No,Yes,3,3,Current Employees
3,4,438,4,No,No,4,3,Current Employees
3,1,439,3,No,No,4,2,Current Employees
3,1,440,4,Yes,Yes,4,2,Ex-Employees
3,4,441,4,No,No,4,3,Current Employees
4,3,442,1,No,No,3,3,Current Employees
3,3,444,1,No,No,4,3,Current Employees
3,4,445,1,Yes,Yes,3,2,Ex-Employees
3,2,446,3,No,No,4,2,Current Employees
3,4,447,2,No,No,3,3,Current Employees
3,3,448,2,No,No,3,4,Current Employees
3,3,449,4,No,Yes,2,3,Current Employees
3,4,450,4,No,No,3,2,Current Employees
3,3,451,1,No,No,1,2,Current Employees
3,4,452,1,No,No,4,3,Current Employees
4,2,453,3,No,Yes,4,2,Current Employees
3,2,454,4,Yes,Yes,1,2,Ex-Employees
3,2,455,3,No,No,4,3,Current Employees
3,4,456,3,No,No,3,3,Current Employees
3,2,458,1,No,No,2,3,Current Employees
3,4,460,3,No,No,4,2,Current Employees
3,3,461,2,No,Yes,4,3,Current Employees
3,3,462,3,No,Yes,4,2,Current Employees
3,4,463,1,No,Yes,2,3,Current Employees
3,3,464,4,No,No,2,3,Current Employees
3,3,465,3,No,No,4,2,Current Employees
3,4,466,4,No,Yes,2,3,Current Employees
3,2,467,1,No,No,3,3,Current Employees
3,1,468,2,No,No,4,3,Current Employees
3,4,469,1,No,No,3,2,Current Employees
3,3,470,3,No,Yes,3,3,Current Employees
3,3,471,3,No,No,2,3,Current Employees
4,1,473,2,No,No,3,1,Current Employees
3,3,474,1,No,Yes,1,3,Current Employees
3,4,475,2,No,Yes,3,4,Current Employees
3,3,476,2,No,No,3,3,Current Employees
4,1,477,2,No,No,4,3,Current Employees
3,1,478,3,Yes,Yes,2,3,Ex-Employees
3,4,479,2,No,No,4,3,Current Employees
3,1,481,1,No,No,4,3,Current Employees
3,4,482,3,No,No,3,3,Current Employees
3,4,483,3,No,Yes,3,3,Current Employees
4,1,484,3,No,No,4,2,Current Employees
3,4,485,2,Yes,Yes,3,3,Ex-Employees
4,3,486,2,No,No,1,3,Current Employees
3,3,487,3,No,No,3,4,Current Employees
3,1,488,3,Yes,No,2,3,Ex-Employees
3,4,491,4,No,No,4,3,Current Employees
3,3,492,1,Yes,Yes,3,3,Ex-Employees
3,3,493,4,No,Yes,2,3,Current Employees
3,3,494,4,Yes,No,2,3,Ex-Employees
3,4,495,4,No,No,4,3,Current Employees
3,3,496,3,No,No,2,3,Current Employees
3,4,497,2,No,No,2,3,Current Employees
3,2,498,4,No,No,4,3,Current Employees
4,2,499,3,No,No,3,3,Current Employees
3,3,500,3,No,No,4,2,Current Employees
3,4,501,2,No,No,3,3,Current Employees
3,1,502,2,Yes,Yes,4,2,Ex-Employees
3,3,505,3,No,Yes,4,3,Current Employees
3,4,507,4,No,Yes,3,4,Current Employees
3,3,508,1,No,No,2,3,Current Employees
4,3,510,3,Yes,No,1,3,Ex-Employees
3,1,511,4,No,No,2,3,Current Employees
3,2,513,2,No,No,3,3,Current Employees
4,3,514,3,Yes,Yes,4,3,Ex-Employees
3,4,515,3,No,No,1,2,Current Employees
3,4,516,3,No,No,2,3,Current Employees
3,2,517,2,No,No,1,3,Current Employees
3,3,518,4,No,Yes,2,2,Current Employees
3,1,520,3,No,No,2,3,Current Employees
4,2,521,2,No,No,3,3,Current Employees
3,1,522,3,No,No,1,2,Current Employees
3,3,523,1,No,No,3,3,Current Employees
3,2,524,2,No,No,1,1,Current Employees
4,4,525,1,No,No,4,3,Current Employees
3,3,526,4,No,Yes,3,3,Current Employees
3,2,527,2,No,Yes,4,3,Current Employees
3,2,529,1,No,Yes,3,3,Current Employees
3,4,530,3,No,No,1,3,Current Employees
3,2,531,3,No,Yes,3,3,Current Employees
3,3,532,4,No,No,1,2,Current Employees
3,2,533,2,No,No,3,3,Current Employees
3,2,534,3,No,No,1,3,Current Employees
3,3,536,4,No,No,1,3,Current Employees
3,1,538,3,Yes,No,1,3,Ex-Employees
3,4,543,3,No,Yes,3,3,Current Employees
4,1,544,4,No,No,4,2,Current Employees
3,4,546,4,No,No,4,1,Current Employees
3,1,547,2,No,No,3,3,Current Employees
4,3,548,3,No,No,4,3,Current Employees
3,1,549,4,No,No,1,1,Current Employees
3,3,550,3,No,No,3,2,Current Employees
3,4,551,4,No,No,4,4,Current Employees
3,1,554,2,Yes,Yes,2,3,Ex-Employees
3,4,555,4,Yes,No,3,2,Ex-Employees
4,4,556,3,No,Yes,4,3,Current Employees
3,3,558,4,No,No,3,3,Current Employees
4,1,560,2,No,No,4,1,Current Employees
3,3,562,3,No,No,4,1,Current Employees
3,2,564,3,No,No,3,3,Current Employees
3,3,565,2,Yes,No,2,4,Ex-Employees
3,1,566,3,Yes,No,4,4,Ex-Employees
3,3,567,3,No,No,1,3,Current Employees
3,1,568,3,No,No,4,2,Current Employees
3,2,569,2,No,No,3,3,Current Employees
3,3,571,3,No,No,4,2,Current Employees
3,3,573,4,No,No,1,4,Current Employees
3,1,574,3,No,No,4,3,Current Employees
3,1,575,3,No,No,3,1,Current Employees
3,4,577,3,No,No,3,3,Current Employees
3,3,578,3,No,No,3,3,Current Employees
3,4,579,3,No,No,3,3,Current Employees
3,3,580,3,No,Yes,4,3,Current Employees
4,3,581,4,No,No,2,4,Current Employees
3,2,582,4,Yes,Yes,3,4,Ex-Employees
3,1,584,1,Yes,No,4,3,Ex-Employees
3,4,585,1,No,No,2,3,Current Employees
3,4,586,3,No,Yes,3,3,Current Employees
3,1,587,1,Yes,No,3,3,Ex-Employees
3,2,590,3,Yes,Yes,1,3,Ex-Employees
3,2,591,4,No,No,3,3,Current Employees
3,2,592,4,No,No,4,2,Current Employees
3,3,593,3,Yes,No,3,3,Ex-Employees
3,2,595,1,No,No,4,3,Current Employees
4,1,597,4,No,No,2,3,Current Employees
3,4,599,4,No,No,4,3,Current Employees
3,2,600,3,No,No,3,3,Current Employees
3,2,601,3,No,No,3,3,Current Employees
3,3,602,1,No,No,3,3,Current Employees
3,2,604,3,No,Yes,4,4,Current Employees
4,4,605,4,No,Yes,1,2,Current Employees
3,4,606,2,No,No,2,4,Current Employees
3,2,608,2,Yes,Yes,3,2,Ex-Employees
3,4,611,2,No,No,4,4,Current Employees
3,1,612,3,No,No,3,3,Current Employees
4,3,613,3,No,No,4,2,Current Employees
3,2,614,4,Yes,Yes,2,3,Ex-Employees
3,3,615,3,No,No,1,3,Current Employees
3,1,616,1,No,Yes,3,3,Current Employees
3,1,618,1,No,No,3,3,Current Employees
3,1,620,4,No,No,3,3,Current Employees
3,4,621,4,No,No,4,3,Current Employees
3,3,622,2,Yes,Yes,4,1,Ex-Employees
3,2,623,4,No,No,4,4,Current Employees
3,1,624,4,No,No,3,2,Current Employees
3,2,625,2,No,No,1,3,Current Employees
3,1,626,4,No,No,2,3,Current Employees
3,4,630,2,No,Yes,1,3,Current Employees
3,4,631,4,Yes,No,3,3,Ex-Employees
3,4,632,3,No,No,4,3,Current Employees
3,3,634,3,No,No,3,3,Current Employees
3,2,635,2,No,No,2,2,Current Employees
3,4,638,3,No,Yes,3,3,Current Employees
3,2,639,2,No,Yes,4,3,Current Employees
4,1,641,4,No,No,2,4,Current Employees
4,4,643,4,No,No,2,3,Current Employees
3,1,644,3,No,No,2,3,Current Employees
3,2,645,3,No,No,3,3,Current Employees
3,1,647,4,Yes,Yes,3,3,Ex-Employees
3,2,648,3,Yes,No,1,4,Ex-Employees
3,2,649,4,No,Yes,4,3,Current Employees
3,2,650,3,Yes,No,1,1,Ex-Employees
3,1,652,4,No,No,4,3,Current Employees
4,1,653,4,No,No,4,4,Current Employees
3,1,655,3,No,No,3,2,Current Employees
3,4,656,3,No,Yes,3,2,Current Employees
3,4,657,4,No,No,2,4,Current Employees
3,3,659,2,No,No,4,3,Current Employees
3,2,661,3,No,Yes,4,2,Current Employees
3,3,662,4,No,No,1,2,Current Employees
3,4,663,2,No,Yes,3,3,Current Employees
3,4,664,1,No,No,1,1,Current Employees
3,1,665,2,No,No,3,4,Current Employees
3,3,666,4,No,Yes,3,3,Current Employees
3,3,667,2,Yes,No,1,3,Ex-Employees
3,3,669,3,No,No,3,3,Current Employees
3,4,671,1,No,Yes,4,4,Current Employees
4,1,675,4,No,No,3,3,Current Employees
3,3,677,4,No,No,3,3,Current Employees
3,1,679,4,No,Yes,4,2,Current Employees
4,3,680,3,No,No,3,3,Current Employees
4,4,682,4,No,No,1,4,Current Employees
3,2,683,4,No,No,4,2,Current Employees
3,1,684,4,Yes,No,1,3,Ex-Employees
3,3,686,3,No,Yes,4,3,Current Employees
3,3,689,3,No,No,3,3,Current Employees
3,2,690,1,No,No,3,2,Current Employees
3,2,691,2,No,No,4,3,Current Employees
4,3,692,3,No,No,4,1,Current Employees
3,3,698,3,No,No,2,4,Current Employees
3,2,699,3,No,Yes,2,3,Current Employees
3,1,700,4,No,No,4,3,Current Employees
3,4,701,4,Yes,Yes,3,3,Ex-Employees
3,1,702,1,Yes,Yes,1,3,Ex-Employees
3,3,704,3,No,No,3,3,Current Employees
3,1,705,1,No,No,1,4,Current Employees
4,4,707,3,No,No,2,3,Current Employees
4,4,709,1,No,No,4,3,Current Employees
3,2,710,4,No,No,4,3,Current Employees
3,2,712,4,No,No,2,3,Current Employees
4,4,714,2,No,Yes,4,3,Current Employees
3,4,715,1,No,No,4,3,Current Employees
3,4,716,3,No,Yes,3,3,Current Employees
3,4,717,2,No,No,2,4,Current Employees
3,1,720,1,Yes,No,3,3,Ex-Employees
3,4,721,1,No,No,3,3,Current Employees
3,4,722,4,No,No,4,2,Current Employees
3,2,723,1,Yes,Yes,3,3,Ex-Employees
3,2,724,3,No,No,4,2,Current Employees
3,3,725,4,No,No,1,3,Current Employees
3,3,727,4,No,No,4,3,Current Employees
3,4,728,4,No,No,1,3,Current Employees
4,4,729,3,No,Yes,1,3,Current Employees
3,3,730,3,No,No,3,3,Current Employees
3,2,731,2,No,No,4,2,Current Employees
3,1,732,4,No,No,1,3,Current Employees
4,4,733,3,No,No,1,2,Current Employees
3,4,734,2,No,No,3,3,Current Employees
3,4,738,4,No,No,2,3,Current Employees
3,1,741,4,Yes,Yes,2,3,Ex-Employees
3,1,742,1,No,No,1,3,Current Employees
3,3,743,4,No,Yes,3,4,Current Employees
3,1,744,3,No,No,3,3,Current Employees
3,4,746,4,No,Yes,3,2,Current Employees
4,3,747,4,No,No,4,2,Current Employees
3,3,749,3,No,No,3,3,Current Employees
3,3,752,4,Yes,Yes,3,3,Ex-Employees
3,4,754,3,No,No,4,3,Current Employees
3,2,757,4,No,No,3,3,Current Employees
3,2,758,4,No,No,1,4,Current Employees
3,3,760,3,No,No,2,1,Current Employees
3,3,762,3,No,No,4,2,Current Employees
4,4,763,4,No,Yes,4,2,Current Employees
3,4,764,1,No,No,1,1,Current Employees
3,4,766,4,No,No,2,3,Current Employees
3,4,769,4,No,No,4,3,Current Employees
3,4,771,1,No,No,1,4,Current Employees
3,1,772,4,No,No,4,3,Current Employees
3,4,773,2,No,Yes,3,1,Current Employees
3,2,775,3,No,No,1,3,Current Employees
3,3,776,1,No,No,1,4,Current Employees
3,4,780,3,Yes,Yes,4,2,Ex-Employees
4,3,781,2,No,No,4,2,Current Employees
3,2,783,1,No,No,3,3,Current Employees
3,1,784,4,No,No,3,3,Current Employees
3,2,785,4,Yes,Yes,3,3,Ex-Employees
4,4,786,3,No,No,4,3,Current Employees
3,4,787,4,Yes,Yes,1,3,Ex-Employees
3,1,789,2,No,No,1,3,Current Employees
3,4,791,1,No,No,4,3,Current Employees
3,1,792,1,No,No,4,3,Current Employees
3,2,793,1,No,No,3,2,Current Employees
3,4,796,3,Yes,No,1,2,Ex-Employees
3,2,797,3,No,No,4,3,Current Employees
3,4,799,2,No,Yes,1,3,Current Employees
3,3,800,2,No,No,4,3,Current Employees
3,4,802,2,No,Yes,1,2,Current Employees
3,1,803,4,No,Yes,1,3,Current Employees
3,3,804,3,No,No,1,3,Current Employees
3,1,805,2,No,No,4,2,Current Employees
4,4,806,3,No,No,3,3,Current Employees
4,3,807,4,No,No,2,3,Current Employees
3,3,808,2,No,No,1,3,Current Employees
3,2,809,2,No,No,4,2,Current Employees
4,3,811,3,Yes,Yes,1,3,Ex-Employees
3,3,812,3,No,No,2,3,Current Employees
4,4,813,2,No,No,3,3,Current Employees
3,3,815,4,No,No,3,3,Current Employees
3,2,816,4,Yes,Yes,1,3,Ex-Employees
3,3,817,4,No,No,3,4,Current Employees
3,1,819,3,Yes,No,1,3,Ex-Employees
3,3,820,3,No,Yes,4,2,Current Employees
3,3,823,1,No,No,2,3,Current Employees
4,3,824,3,No,No,3,3,Current Employees
3,4,825,4,Yes,Yes,2,3,Ex-Employees
3,4,826,3,No,No,3,3,Current Employees
3,4,827,4,No,Yes,4,3,Current Employees
3,3,828,4,Yes,No,3,2,Ex-Employees
3,3,829,2,No,No,2,3,Current Employees
3,3,830,3,No,No,3,3,Current Employees
3,1,832,4,No,No,3,3,Current Employees
4,3,833,2,No,Yes,4,2,Current Employees
3,2,834,4,No,No,3,3,Current Employees
3,2,836,4,No,No,2,2,Current Employees
3,1,837,3,No,No,1,2,Current Employees
3,3,838,3,No,No,4,3,Current Employees
3,3,840,1,Yes,No,4,4,Ex-Employees
3,3,842,3,Yes,No,4,2,Ex-Employees
4,2,843,3,No,No,1,3,Current Employees
3,3,844,2,No,Yes,4,3,Current Employees
4,3,845,2,No,No,3,4,Current Employees
4,2,846,1,No,Yes,2,3,Current Employees
3,3,847,3,No,No,4,1,Current Employees
3,3,848,1,Yes,Yes,3,3,Ex-Employees
3,4,850,3,No,No,4,2,Current Employees
3,1,851,3,No,No,3,2,Current Employees
3,4,852,4,No,No,2,2,Current Employees
3,1,854,3,No,No,1,2,Current Employees
4,1,855,1,No,No,1,3,Current Employees
3,3,856,4,No,No,1,2,Current Employees
3,2,857,4,No,Yes,4,2,Current Employees
3,2,859,3,No,No,4,2,Current Employees
3,2,861,2,No,No,4,2,Current Employees
3,1,862,4,No,Yes,4,3,Current Employees
3,4,864,3,No,Yes,1,3,Current Employees
3,3,865,3,No,No,3,2,Current Employees
4,3,867,3,No,No,4,3,Current Employees
3,4,868,4,No,No,3,3,Current Employees
3,2,869,4,No,No,4,3,Current Employees
4,4,872,1,No,No,4,1,Current Employees
4,1,874,3,No,Yes,4,2,Current Employees
3,2,875,4,No,Yes,4,3,Current Employees
4,1,878,3,No,No,1,3,Current Employees
3,3,879,4,No,Yes,1,3,Current Employees
4,4,880,2,No,Yes,3,3,Current Employees
3,4,881,1,Yes,Yes,2,2,Ex-Employees
3,4,882,2,No,No,4,3,Current Employees
3,3,885,1,No,No,1,4,Current Employees
3,3,887,2,No,No,1,3,Current Employees
3,1,888,4,No,No,4,2,Current Employees
3,2,889,4,No,No,2,3,Current Employees
3,2,893,4,No,No,2,3,Current Employees
3,3,894,2,No,Yes,4,2,Current Employees
3,4,895,2,No,Yes,4,3,Current Employees
3,2,896,3,Yes,Yes,3,3,Ex-Employees
3,1,897,3,No,No,4,3,Current Employees
3,4,899,1,No,No,2,3,Current Employees
3,3,900,2,No,No,4,3,Current Employees
3,4,901,3,No,No,4,3,Current Employees
3,4,902,2,No,No,4,2,Current Employees
4,3,903,1,No,Yes,4,3,Current Employees
3,1,904,4,No,Yes,2,3,Current Employees
3,1,905,4,No,No,1,3,Current Employees
3,4,909,3,No,No,4,3,Current Employees
3,4,910,3,No,Yes,2,4,Current Employees
4,1,911,3,Yes,Yes,4,1,Ex-Employees
3,1,912,3,No,No,4,3,Current Employees
3,2,913,4,No,Yes,1,3,Current Employees
3,1,916,2,No,No,4,3,Current Employees
3,4,918,4,Yes,Yes,4,2,Ex-Employees
4,1,920,3,No,No,2,4,Current Employees
3,3,922,4,Yes,No,3,2,Ex-Employees
3,4,923,1,Yes,No,4,2,Ex-Employees
3,3,924,1,No,Yes,4,2,Current Employees
3,4,925,1,No,Yes,4,2,Current Employees
3,2,926,1,Yes,Yes,3,4,Ex-Employees
3,2,927,3,Yes,Yes,4,2,Ex-Employees
3,3,930,2,No,No,3,3,Current Employees
4,4,932,4,Yes,Yes,1,1,Ex-Employees
3,2,933,3,No,No,3,3,Current Employees
3,2,934,2,No,No,2,3,Current Employees
3,3,936,1,No,No,3,3,Current Employees
3,3,939,2,No,Yes,1,3,Current Employees
3,3,940,4,No,Yes,2,3,Current Employees
3,2,941,2,No,No,3,4,Current Employees
4,4,942,4,No,Yes,4,1,Current Employees
3,1,944,3,No,No,2,2,Current Employees
3,4,945,1,No,No,3,2,Current Employees
3,4,947,4,No,No,3,2,Current Employees
3,2,949,3,No,No,4,3,Current Employees
3,4,950,2,No,No,1,3,Current Employees
4,3,951,3,No,No,2,3,Current Employees
3,3,952,3,Yes,Yes,2,3,Ex-Employees
3,1,954,2,No,No,2,2,Current Employees
3,3,956,2,No,No,1,3,Current Employees
3,4,957,3,No,Yes,1,3,Current Employees
4,3,958,3,No,No,3,3,Current Employees
3,4,959,2,Yes,Yes,2,4,Ex-Employees
3,1,960,2,Yes,No,1,3,Ex-Employees
3,4,961,3,No,Yes,4,1,Current Employees
3,4,964,4,No,Yes,2,3,Current Employees
3,3,966,3,No,No,1,4,Current Employees
3,3,967,1,Yes,Yes,4,3,Ex-Employees
3,2,969,1,No,No,4,3,Current Employees
3,1,970,3,Yes,No,3,1,Ex-Employees
3,3,972,2,No,No,2,2,Current Employees
3,3,974,2,No,No,4,3,Current Employees
3,3,975,2,No,No,3,3,Current Employees
3,4,976,2,No,No,4,2,Current Employees
4,4,977,1,Yes,No,3,3,Ex-Employees
3,3,981,3,No,No,3,4,Current Employees
3,3,982,1,No,No,3,4,Current Employees
3,3,983,2,No,Yes,4,3,Current Employees
3,4,984,2,No,No,4,3,Current Employees
3,1,985,4,No,No,3,3,Current Employees
3,2,986,4,Yes,Yes,2,2,Ex-Employees
3,3,987,3,No,Yes,3,4,Current Employees
3,1,990,4,No,No,4,3,Current Employees
4,3,991,1,Yes,Yes,1,3,Ex-Employees
3,4,992,4,No,No,3,3,Current Employees
4,4,994,3,Yes,Yes,1,3,Ex-Employees
3,2,995,1,No,No,4,3,Current Employees
3,4,996,4,No,No,4,3,Current Employees
4,4,997,3,No,No,4,2,Current Employees
3,3,998,1,No,Yes,2,3,Current Employees
3,1,999,2,No,No,3,4,Current Employees
3,3,1001,2,No,No,2,3,Current Employees
3,4,1002,3,No,Yes,1,3,Current Employees
3,4,1003,3,No,Yes,4,3,Current Employees
3,1,1004,2,Yes,Yes,3,3,Ex-Employees
3,4,1005,4,No,Yes,3,3,Current Employees
3,3,1006,2,No,No,3,2,Current Employees
3,4,1007,2,No,No,3,3,Current Employees
3,4,1009,2,No,No,3,3,Current Employees
4,3,1010,4,Yes,Yes,2,1,Ex-Employees
3,3,1011,3,No,No,1,3,Current Employees
3,2,1012,4,No,No,4,3,Current Employees
3,3,1013,3,No,No,3,3,Current Employees
3,3,1014,3,No,Yes,3,2,Current Employees
3,2,1015,3,No,Yes,1,2,Current Employees
3,4,1016,1,Yes,Yes,1,3,Ex-Employees
3,2,1017,1,Yes,No,2,3,Ex-Employees
3,4,1018,2,No,No,4,3,Current Employees
3,2,1019,1,No,No,1,2,Current Employees
3,1,1022,4,No,No,3,3,Current Employees
3,3,1024,2,No,No,3,3,Current Employees
3,4,1025,2,No,No,3,3,Current Employees
3,4,1026,3,No,No,4,3,Current Employees
3,1,1027,2,No,No,4,3,Current Employees
4,2,1028,1,No,No,4,2,Current Employees
3,4,1029,2,No,No,3,4,Current Employees
3,1,1030,2,No,No,4,3,Current Employees
3,3,1032,1,No,Yes,4,3,Current Employees
3,1,1033,1,Yes,No,2,1,Ex-Employees
3,3,1034,4,No,Yes,2,3,Current Employees
4,2,1035,2,No,No,3,3,Current Employees
3,2,1036,3,No,Yes,4,3,Current Employees
3,2,1037,4,Yes,No,1,3,Ex-Employees
3,1,1038,4,Yes,No,4,3,Ex-Employees
3,4,1039,3,No,Yes,4,3,Current Employees
3,4,1040,1,No,No,3,3,Current Employees
3,3,1042,3,Yes,No,1,3,Ex-Employees
3,4,1043,3,No,Yes,1,3,Current Employees
3,2,1044,4,No,No,4,2,Current Employees
3,4,1045,2,No,No,4,4,Current Employees
3,4,1046,2,No,No,3,3,Current Employees
3,2,1047,4,No,No,4,2,Current Employees
3,2,1048,3,No,Yes,4,1,Current Employees
3,2,1049,1,No,No,2,3,Current Employees
3,3,1050,1,No,No,2,3,Current Employees
3,1,1052,2,Yes,No,3,2,Ex-Employees
3,1,1053,2,Yes,Yes,1,3,Ex-Employees
3,3,1055,4,No,Yes,3,3,Current Employees
4,4,1056,2,No,No,2,3,Current Employees
3,3,1060,1,No,No,3,3,Current Employees
3,2,1061,4,No,Yes,3,2,Current Employees
3,4,1062,1,No,No,2,2,Current Employees
3,3,1066,2,No,No,1,2,Current Employees
3,1,1068,3,No,No,3,3,Current Employees
3,4,1069,4,No,No,4,3,Current Employees
3,3,1070,2,No,No,3,3,Current Employees
3,1,1071,2,No,No,3,3,Current Employees
3,4,1073,2,No,No,4,2,Current Employees
3,3,1074,2,No,No,1,4,Current Employees
3,3,1076,3,No,No,4,3,Current Employees
3,4,1077,2,Yes,Yes,4,3,Ex-Employees
3,3,1079,1,Yes,No,1,2,Ex-Employees
4,4,1080,1,No,Yes,1,3,Current Employees
3,1,1081,3,Yes,Yes,3,4,Ex-Employees
3,2,1082,1,Yes,No,1,2,Ex-Employees
3,1,1083,1,No,No,1,3,Current Employees
3,3,1084,3,No,No,1,2,Current Employees
3,2,1085,3,No,No,3,3,Current Employees
3,3,1088,1,No,No,3,2,Current Employees
4,1,1092,4,No,No,4,3,Current Employees
3,1,1094,4,No,No,3,3,Current Employees
3,4,1096,2,No,No,2,3,Current Employees
3,3,1097,4,No,No,3,4,Current Employees
3,2,1098,4,Yes,No,1,3,Ex-Employees
3,4,1099,3,No,No,4,3,Current Employees
4,4,1100,1,Yes,Yes,1,3,Ex-Employees
4,1,1101,2,Yes,No,3,3,Ex-Employees
3,1,1102,4,No,No,3,2,Current Employees
3,1,1103,3,No,No,4,2,Current Employees
3,4,1105,3,No,Yes,4,3,Current Employees
3,4,1106,2,Yes,Yes,4,4,Ex-Employees
4,1,1107,3,Yes,No,3,2,Ex-Employees
4,1,1108,2,Yes,Yes,2,3,Ex-Employees
3,4,1109,4,No,No,1,3,Current Employees
3,1,1111,1,Yes,No,2,3,Ex-Employees
3,4,1113,4,Yes,Yes,3,3,Ex-Employees
3,4,1114,3,No,No,2,3,Current Employees
3,3,1115,4,No,No,4,3,Current Employees
4,1,1116,3,No,No,4,2,Current Employees
3,2,1117,4,No,No,3,3,Current Employees
3,2,1118,4,No,No,2,3,Current Employees
3,3,1119,2,No,Yes,3,3,Current Employees
4,3,1120,1,No,No,4,3,Current Employees
3,4,1121,2,No,No,2,2,Current Employees
3,1,1124,4,No,No,3,3,Current Employees
3,4,1125,3,No,No,2,3,Current Employees
3,3,1126,3,No,No,1,3,Current Employees
3,1,1127,4,Yes,No,4,3,Ex-Employees
3,3,1128,1,No,No,3,4,Current Employees
3,4,1131,3,No,Yes,2,4,Current Employees
3,3,1132,3,No,No,2,2,Current Employees
4,1,1133,1,No,No,4,3,Current Employees
3,3,1135,1,No,No,4,3,Current Employees
3,1,1136,1,No,No,2,1,Current Employees
3,4,1137,4,No,No,4,3,Current Employees
3,4,1138,2,No,No,2,3,Current Employees
3,4,1140,4,No,No,3,2,Current Employees
3,4,1143,4,No,No,2,2,Current Employees
3,2,1148,1,No,No,4,3,Current Employees
3,2,1150,3,No,Yes,4,2,Current Employees
3,3,1152,4,No,No,3,4,Current Employees
3,3,1154,4,No,Yes,3,3,Current Employees
3,3,1156,4,Yes,No,3,3,Ex-Employees
3,1,1157,1,Yes,Yes,1,3,Ex-Employees
3,2,1158,1,No,Yes,4,3,Current Employees
3,3,1160,3,Yes,No,3,2,Ex-Employees
3,3,1161,3,No,No,4,3,Current Employees
3,4,1162,3,No,No,3,3,Current Employees
4,2,1163,1,No,No,3,2,Current Employees
3,3,1164,2,No,No,3,1,Current Employees
3,4,1165,1,Yes,No,1,1,Ex-Employees
3,2,1166,3,No,No,3,2,Current Employees
3,3,1167,2,Yes,Yes,1,2,Ex-Employees
3,2,1171,4,No,No,1,4,Current Employees
3,4,1172,2,No,No,3,3,Current Employees
4,4,1173,4,No,No,2,3,Current Employees
3,3,1175,4,Yes,Yes,4,2,Ex-Employees
4,1,1177,2,No,No,4,3,Current Employees
3,3,1179,1,No,No,3,3,Current Employees
3,3,1180,4,No,Yes,4,1,Current Employees
3,3,1182,2,No,No,2,4,Current Employees
4,4,1184,3,No,No,1,3,Current Employees
3,4,1185,2,No,No,4,4,Current Employees
3,1,1188,2,Yes,No,3,2,Ex-Employees
3,3,1190,3,No,No,1,3,Current Employees
3,4,1191,4,No,No,1,3,Current Employees
3,2,1192,1,No,No,4,3,Current Employees
4,3,1193,3,No,No,1,3,Current Employees
3,1,1195,3,No,Yes,3,2,Current Employees
3,4,1196,2,No,No,4,2,Current Employees
3,1,1198,1,No,No,3,2,Current Employees
3,3,1200,3,Yes,Yes,3,3,Ex-Employees
3,4,1201,2,No,No,3,3,Current Employees
3,2,1202,1,No,Yes,4,2,Current Employees
3,3,1203,2,Yes,Yes,4,3,Ex-Employees
4,3,1204,1,No,No,1,3,Current Employees
3,4,1206,4,No,No,3,3,Current Employees
3,2,1207,4,No,No,3,3,Current Employees
3,1,1210,1,Yes,No,1,1,Ex-Employees
3,3,1211,3,No,No,1,3,Current Employees
3,2,1212,4,No,No,2,3,Current Employees
4,4,1215,3,No,No,1,3,Current Employees
3,4,1216,3,No,No,1,3,Current Employees
3,4,1217,1,No,No,2,3,Current Employees
3,3,1218,4,No,Yes,1,3,Current Employees
3,4,1219,1,Yes,No,2,1,Ex-Employees
3,2,1220,1,No,No,3,2,Current Employees
3,3,1221,3,No,No,3,3,Current Employees
3,3,1224,1,No,No,3,2,Current Employees
4,4,1225,2,No,No,4,3,Current Employees
3,3,1226,4,No,No,4,3,Current Employees
3,4,1228,3,No,No,4,2,Current Employees
3,4,1231,1,No,No,1,4,Current Employees
3,2,1233,2,No,Yes,4,3,Current Employees
4,3,1234,3,No,No,2,3,Current Employees
3,4,1235,4,No,Yes,3,3,Current Employees
4,3,1237,3,No,Yes,1,3,Current Employees
3,1,1238,2,No,No,4,3,Current Employees
3,2,1239,2,No,No,2,4,Current Employees
3,3,1240,2,No,No,4,3,Current Employees
4,4,1241,1,No,Yes,2,3,Current Employees
3,1,1242,3,No,Yes,1,3,Current Employees
3,3,1243,2,No,Yes,4,2,Current Employees
3,1,1244,4,No,Yes,1,2,Current Employees
3,4,1245,1,No,No,3,1,Current Employees
3,1,1246,4,No,No,4,3,Current Employees
4,1,1248,2,Yes,Yes,2,4,Ex-Employees
3,1,1249,1,No,No,4,3,Current Employees
3,4,1250,1,No,No,4,3,Current Employees
3,3,1251,4,No,Yes,1,2,Current Employees
3,3,1252,2,No,No,1,3,Current Employees
3,3,1254,4,No,No,4,3,Current Employees
3,3,1255,2,No,No,4,3,Current Employees
3,1,1256,3,No,No,3,4,Current Employees
3,3,1257,3,No,No,2,2,Current Employees
3,4,1258,3,No,No,2,2,Current Employees
3,1,1259,2,No,No,3,3,Current Employees
3,3,1260,2,No,Yes,4,3,Current Employees
3,4,1263,3,No,No,4,4,Current Employees
3,4,1264,2,No,No,4,2,Current Employees
3,3,1265,4,No,No,3,2,Current Employees
3,2,1267,3,No,No,2,3,Current Employees
3,4,1268,4,No,Yes,3,3,Current Employees
3,2,1269,4,No,Yes,4,3,Current Employees
4,4,1270,4,No,No,3,3,Current Employees
3,3,1273,4,Yes,Yes,4,3,Ex-Employees
4,3,1275,2,No,Yes,4,2,Current Employees
3,1,1277,1,Yes,Yes,2,3,Ex-Employees
3,4,1278,4,No,Yes,2,3,Current Employees
4,1,1279,3,Yes,No,3,1,Ex-Employees
3,4,1280,3,No,No,2,3,Current Employees
3,3,1281,4,No,Yes,1,3,Current Employees
4,4,1282,1,No,Yes,2,2,Current Employees
3,4,1283,4,No,No,4,2,Current Employees
3,3,1285,3,No,No,2,4,Current Employees
3,4,1286,3,No,Yes,3,2,Current Employees
3,3,1288,4,No,No,1,2,Current Employees
3,3,1289,4,No,No,2,4,Current Employees
3,3,1291,4,No,Yes,3,3,Current Employees
3,2,1292,4,No,Yes,2,3,Current Employees
3,4,1293,4,No,No,4,4,Current Employees
3,3,1294,4,No,Yes,2,3,Current Employees
3,1,1295,4,Yes,No,4,3,Ex-Employees
3,4,1296,2,No,Yes,4,3,Current Employees
3,2,1297,2,No,No,3,2,Current Employees
3,3,1298,3,No,Yes,3,3,Current Employees
3,2,1299,1,Yes,Yes,3,3,Ex-Employees
3,4,1301,2,No,No,1,2,Current Employees
3,4,1303,4,No,No,2,2,Current Employees
3,3,1304,3,No,No,4,4,Current Employees
4,2,1306,3,No,No,2,3,Current Employees
3,3,1307,4,No,Yes,2,3,Current Employees
3,1,1308,4,No,No,3,3,Current Employees
3,4,1309,1,Yes,No,3,3,Ex-Employees
3,3,1310,1,Yes,No,1,3,Ex-Employees
3,1,1311,1,No,No,4,3,Current Employees
3,4,1312,1,No,No,3,3,Current Employees
3,4,1314,3,No,No,1,4,Current Employees
3,3,1315,1,No,No,4,3,Current Employees
3,4,1317,2,No,Yes,1,3,Current Employees
3,4,1318,3,Yes,Yes,2,3,Ex-Employees
3,2,1319,3,Yes,Yes,2,2,Ex-Employees
4,2,1321,4,No,Yes,1,3,Current Employees
3,1,1322,1,No,No,3,3,Current Employees
3,4,1324,1,No,Yes,3,2,Current Employees
3,3,1329,1,No,No,2,3,Current Employees
3,4,1331,1,Yes,Yes,2,4,Ex-Employees
3,1,1333,3,Yes,No,1,4,Ex-Employees
3,3,1334,4,No,Yes,3,2,Current Employees
3,4,1336,4,No,No,3,3,Current Employees
3,4,1338,1,No,No,2,3,Current Employees
3,3,1340,2,No,No,3,3,Current Employees
3,4,1344,4,No,No,4,2,Current Employees
3,3,1346,3,No,No,4,3,Current Employees
3,3,1349,4,No,No,1,3,Current Employees
3,3,1350,2,No,Yes,3,3,Current Employees
3,3,1352,2,No,Yes,2,3,Current Employees
3,2,1355,4,No,No,1,3,Current Employees
3,3,1356,4,No,No,1,4,Current Employees
3,4,1358,3,No,No,4,2,Current Employees
3,3,1360,4,Yes,Yes,1,2,Ex-Employees
4,2,1361,3,No,No,2,3,Current Employees
3,1,1362,4,No,No,1,2,Current Employees
3,4,1363,3,No,No,4,3,Current Employees
3,3,1364,2,No,No,4,3,Current Employees
3,4,1367,2,No,No,2,2,Current Employees
3,4,1368,3,No,No,4,4,Current Employees
3,4,1369,2,No,No,4,3,Current Employees
4,4,1371,2,No,No,4,3,Current Employees
3,1,1372,3,Yes,Yes,3,2,Ex-Employees
3,4,1373,1,No,Yes,2,3,Current Employees
4,1,1374,3,No,No,3,3,Current Employees
4,2,1375,2,No,No,3,3,Current Employees
3,2,1377,1,No,No,3,3,Current Employees
3,3,1379,3,Yes,No,4,4,Ex-Employees
3,4,1380,3,Yes,Yes,3,2,Ex-Employees
3,4,1382,4,No,No,3,3,Current Employees
3,3,1383,4,No,No,4,4,Current Employees
3,3,1387,3,No,No,1,3,Current Employees
3,4,1389,4,Yes,Yes,3,2,Ex-Employees
3,1,1390,4,No,Yes,4,4,Current Employees
3,2,1391,2,No,No,2,3,Current Employees
3,4,1392,1,No,Yes,4,2,Current Employees
3,3,1394,4,No,Yes,3,3,Current Employees
3,2,1395,1,No,No,4,4,Current Employees
3,3,1396,1,No,Yes,2,2,Current Employees
4,3,1397,2,No,No,3,3,Current Employees
3,1,1399,2,No,No,3,2,Current Employees
3,4,1401,2,No,Yes,3,2,Current Employees
3,1,1402,1,No,Yes,3,1,Current Employees
3,4,1403,4,No,Yes,4,3,Current Employees
3,4,1405,4,Yes,Yes,3,3,Ex-Employees
3,1,1407,4,No,No,4,3,Current Employees
3,3,1408,3,No,No,1,3,Current Employees
3,3,1955,2,No,No,4,3,Current Employees
3,4,1662,3,No,No,3,3,Current Employees
3,3,1630,4,No,No,3,3,Current Employees
3,3,2000,1,No,No,2,1,Current Employees
3,2,1839,3,No,No,3,1,Current Employees
3,1,1929,3,No,No,3,3,Current Employees
3,4,1495,3,No,No,2,3,Current Employees
3,4,1756,4,No,No,2,2,Current Employees
3,4,1900,2,No,No,4,3,Current Employees
3,4,2025,2,No,No,2,3,Current Employees
3,3,1760,2,No,No,2,2,Current Employees
3,4,1870,4,No,No,1,2,Current Employees
3,4,1985,1,No,No,3,4,Current Employees
3,4,1513,3,No,No,2,3,Current Employees
3,1,1633,4,No,No,3,1,Current Employees
3,1,1480,3,No,No,4,3,Current Employees
3,4,1745,4,No,No,1,3,Current Employees
3,1,1481,3,No,No,3,2,Current Employees
3,1,1833,4,No,No,1,3,Current Employees
3,3,1987,3,No,No,2,3,Current Employees
3,4,1625,3,No,No,3,3,Current Employees
3,4,1461,4,No,No,2,3,Current Employees
3,1,1916,2,No,No,3,2,Current Employees
3,2,1829,2,No,No,1,3,Current Employees
3,3,1822,4,No,No,4,3,Current Employees
3,4,1762,3,No,No,1,3,Current Employees
3,4,1658,3,No,No,2,3,Current Employees
3,4,1635,1,No,No,4,3,Current Employees
3,4,1656,3,No,No,1,3,Current Employees
3,1,1502,4,No,No,2,3,Current Employees
3,1,1866,4,No,No,3,3,Current Employees
3,1,1786,4,No,No,3,3,Current Employees
3,2,1701,2,No,No,4,3,Current Employees
3,2,1647,1,No,No,3,3,Current Employees
3,3,1409,3,No,No,1,1,Current Employees
3,2,2015,1,No,No,3,3,Current Employees
3,2,1640,1,No,No,2,1,Current Employees
3,3,1544,3,No,No,1,3,Current Employees
3,3,2052,4,No,No,4,3,Current Employees
3,3,1802,4,No,No,1,2,Current Employees
3,3,1617,4,No,No,1,2,Current Employees
3,3,1576,4,No,No,1,2,Current Employees
3,4,1447,1,No,No,2,2,Current Employees
3,4,1555,1,No,No,2,3,Current Employees
3,4,1782,2,No,No,3,3,Current Employees
3,4,1687,4,No,No,3,2,Current Employees
3,4,1709,3,No,No,3,3,Current Employees
3,4,1830,2,No,No,4,2,Current Employees
3,1,1628,4,No,No,3,3,Current Employees
3,1,1655,2,No,No,2,3,Current Employees
3,1,1969,3,No,No,3,2,Current Employees
3,1,1443,2,No,No,3,4,Current Employees
3,2,1888,4,No,No,4,2,Current Employees
3,2,1651,3,No,No,1,3,Current Employees
3,2,1607,4,No,No,4,3,Current Employees
3,3,2051,2,No,No,3,3,Current Employees
3,1,1430,3,No,No,2,4,Current Employees
3,1,1411,1,No,No,3,3,Current Employees
3,1,1816,2,No,No,3,3,Current Employees
3,2,1525,4,No,No,2,3,Current Employees
3,2,1856,3,No,No,3,3,Current Employees
3,3,2010,3,No,No,2,3,Current Employees
3,3,1735,3,No,No,2,1,Current Employees
3,3,1751,3,No,No,4,2,Current Employees
3,4,2054,2,No,No,1,1,Current Employees
3,4,1529,4,No,No,2,1,Current Employees
3,4,1719,3,No,No,2,3,Current Employees
3,4,1422,4,No,No,4,2,Current Employees
3,1,1863,4,No,No,1,3,Current Employees
3,3,1557,3,No,No,3,3,Current Employees
3,4,1428,2,No,No,1,3,Current Employees
3,2,1676,3,No,No,2,3,Current Employees
3,1,2041,3,No,No,4,3,Current Employees
3,2,2045,1,No,No,4,2,Current Employees
3,2,2056,1,No,No,4,2,Current Employees
3,2,1986,3,No,No,2,3,Current Employees
3,2,1875,4,No,No,2,3,Current Employees
3,3,1527,4,No,No,2,4,Current Employees
3,4,1935,3,No,No,1,3,Current Employees
3,4,1598,3,No,No,1,3,Current Employees
3,1,1784,1,No,No,4,3,Current Employees
3,1,2024,3,No,No,4,3,Current Employees
3,1,1673,1,No,No,4,3,Current Employees
3,3,1436,1,No,No,1,2,Current Employees
3,3,2016,3,No,No,4,3,Current Employees
3,1,1898,2,No,No,3,2,Current Employees
3,2,1583,2,No,No,2,4,Current Employees
3,2,1585,1,No,No,3,3,Current Employees
3,3,1657,1,No,No,3,3,Current Employees
3,3,1710,3,No,No,4,2,Current Employees
3,4,1779,1,No,No,4,3,Current Employees
3,4,2060,4,No,No,3,3,Current Employees
3,4,2046,3,No,No,3,3,Current Employees
3,4,1757,3,No,No,4,4,Current Employees
3,3,1858,2,No,No,4,3,Current Employees
3,1,1805,4,No,No,2,3,Current Employees
3,3,1722,2,No,No,2,3,Current Employees
3,2,1804,3,No,No,4,3,Current Employees
3,4,1468,3,No,No,2,3,Current Employees
3,3,1482,2,No,No,3,2,Current Employees
3,3,1449,3,No,No,3,4,Current Employees
3,4,1771,4,No,No,2,2,Current Employees
3,2,1994,3,No,No,3,2,Current Employees
3,3,1934,3,No,No,2,4,Current Employees
3,4,1574,2,No,No,1,2,Current Employees
3,1,1813,3,No,No,3,2,Current Employees
3,2,2057,2,No,No,1,3,Current Employees
3,2,1764,2,No,No,2,3,Current Employees
3,3,1471,4,No,No,3,3,Current Employees
3,3,1947,3,No,No,3,2,Current Employees
3,3,1440,1,No,No,3,1,Current Employees
3,4,1976,4,No,No,3,3,Current Employees
3,4,2022,3,No,No,4,2,Current Employees
3,1,2019,2,No,No,4,2,Current Employees
3,1,1612,1,No,No,1,3,Current Employees
3,3,1731,4,No,No,2,1,Current Employees
3,2,1801,3,No,No,2,3,Current Employees
3,3,1563,3,No,No,3,3,Current Employees
3,1,1746,4,No,No,4,3,Current Employees
3,1,1590,4,No,No,4,4,Current Employees
3,3,1615,1,No,No,4,3,Current Employees
3,2,1485,4,No,No,1,2,Current Employees
3,4,1431,3,No,No,1,3,Current Employees
3,4,1653,3,No,No,3,3,Current Employees
3,2,1941,4,No,No,4,3,Current Employees
3,4,1852,2,No,No,4,4,Current Employees
3,1,1997,4,No,No,3,3,Current Employees
3,1,1720,1,No,No,3,2,Current Employees
3,3,1918,1,No,No,4,3,Current Employees
3,3,2061,3,No,No,4,3,Current Employees
3,4,1597,2,No,No,3,2,Current Employees
3,4,1668,4,No,No,4,4,Current Employees
3,2,1922,3,No,No,3,3,Current Employees
3,3,1412,3,No,No,4,3,Current Employees
3,4,1648,3,No,No,4,2,Current Employees
3,3,1812,4,No,No,4,3,Current Employees
3,3,1700,3,No,No,4,2,Current Employees
3,4,2065,4,No,No,2,2,Current Employees
3,4,1477,1,No,No,1,3,Current Employees
3,3,1507,4,No,No,1,3,Current Employees
3,4,1613,4,No,No,1,3,Current Employees
3,4,1853,3,No,No,4,4,Current Employees
3,3,1794,3,No,No,2,2,Current Employees
3,4,1865,4,No,No,2,3,Current Employees
3,2,1419,1,No,No,1,2,Current Employees
3,2,1778,2,No,No,4,3,Current Employees
3,1,1694,4,No,No,2,3,Current Employees
3,1,1506,4,No,No,3,1,Current Employees
3,1,1892,1,No,No,1,3,Current Employees
3,2,1881,1,No,No,3,3,Current Employees
3,3,1627,4,No,No,3,3,Current Employees
3,3,1474,3,No,No,3,4,Current Employees
3,4,1857,3,No,No,4,2,Current Employees
3,4,1599,3,No,No,2,3,Current Employees
3,2,1940,4,No,No,4,4,Current Employees
3,2,1424,4,No,No,4,4,Current Employees
3,3,1484,2,No,No,2,3,Current Employees
3,4,1859,4,No,No,3,3,Current Employees
3,4,1619,1,No,No,1,3,Current Employees
3,4,1671,3,No,No,2,2,Current Employees
3,1,1553,1,No,No,2,3,Current Employees
3,2,1725,2,No,No,1,4,Current Employees
3,3,1551,2,No,No,1,3,Current Employees
3,4,1871,2,No,No,4,3,Current Employees
3,1,2031,1,No,No,3,2,Current Employees
3,1,1543,1,No,No,4,3,Current Employees
3,2,1434,2,No,No,1,4,Current Employees
3,2,1621,4,No,No,1,3,Current Employees
3,2,2068,1,No,No,3,4,Current Employees
3,2,1689,3,No,No,4,3,Current Employees
3,4,1867,4,No,No,2,3,Current Employees
3,4,1989,3,No,No,2,2,Current Employees
3,1,1954,1,No,No,1,2,Current Employees
3,1,1473,2,No,No,3,2,Current Employees
3,1,1971,2,No,No,3,3,Current Employees
3,1,1415,2,No,No,4,2,Current Employees
3,1,1438,3,No,No,4,2,Current Employees
3,2,1826,2,No,No,3,4,Current Employees
3,2,1609,2,No,No,2,2,Current Employees
3,2,1696,3,No,No,4,4,Current Employees
3,2,1931,3,No,No,2,2,Current Employees
3,2,1721,4,No,No,3,4,Current Employees
3,2,1729,2,No,No,4,2,Current Employees
3,2,1580,2,No,No,4,2,Current Employees
3,2,1903,4,No,No,1,3,Current Employees
3,3,1542,2,No,No,2,3,Current Employees
3,3,1601,4,No,No,4,2,Current Employees
3,3,1911,2,No,No,1,4,Current Employees
3,3,1799,3,No,No,4,4,Current Employees
3,3,1763,3,No,No,3,3,Current Employees
3,3,1707,4,No,No,3,3,Current Employees
3,4,2062,1,No,No,1,3,Current Employees
3,4,1523,3,No,No,1,4,Current Employees
3,4,1728,2,No,No,3,3,Current Employees
3,4,1798,2,No,No,1,3,Current Employees
3,4,1592,4,No,No,3,3,Current Employees
3,1,1682,2,No,No,3,2,Current Employees
3,1,2012,3,No,No,4,2,Current Employees
3,2,1803,3,No,No,1,2,Current Employees
3,2,1596,4,No,No,3,2,Current Employees
3,3,1514,2,No,No,2,2,Current Employees
3,3,1558,1,No,No,3,2,Current Employees
3,2,1618,4,No,No,1,3,Current Employees
3,2,1698,4,No,No,2,3,Current Employees
3,3,1770,2,No,No,1,3,Current Employees
3,3,1631,1,No,No,3,2,Current Employees
3,4,1718,3,No,No,3,4,Current Employees
3,1,1435,3,No,No,4,2,Current Employees
3,1,1659,3,No,No,2,3,Current Employees
3,1,1533,2,No,No,3,3,Current Employees
3,1,1577,3,No,No,4,1,Current Employees
3,1,2014,1,No,No,4,3,Current Employees
3,2,1981,2,No,No,3,2,Current Employees
3,2,2008,2,No,No,3,3,Current Employees
3,2,1814,1,No,No,2,1,Current Employees
3,3,2048,4,No,No,3,3,Current Employees
3,3,1952,4,No,No,1,2,Current Employees
3,3,1727,4,No,No,2,3,Current Employees
3,3,1677,1,No,No,3,3,Current Employees
3,3,1623,3,No,No,4,3,Current Employees
3,3,1417,4,No,No,1,3,Current Employees
3,4,1564,2,No,No,1,3,Current Employees
3,4,1545,4,No,No,2,3,Current Employees
3,4,1883,2,No,No,1,3,Current Employees
3,4,2038,4,No,No,1,3,Current Employees
3,4,1475,3,No,No,2,2,Current Employees
3,4,1860,4,No,No,3,3,Current Employees
3,4,2007,4,No,No,3,4,Current Employees
3,4,1982,3,No,No,4,4,Current Employees
3,4,1472,2,No,No,2,2,Current Employees
3,1,1453,1,No,No,4,3,Current Employees
3,3,1754,1,No,No,1,3,Current Employees
3,3,2037,3,No,No,2,3,Current Employees
3,4,1951,3,No,No,3,2,Current Employees
3,3,1497,3,No,No,3,3,Current Employees
3,4,1670,3,No,No,4,3,Current Employees
3,3,1466,1,No,No,1,3,Current Employees
3,1,1548,4,No,No,1,4,Current Employees
3,1,1560,4,No,No,1,1,Current Employees
3,1,1996,3,No,No,3,3,Current Employees
3,1,1749,3,No,No,3,3,Current Employees
3,2,2013,2,No,No,2,3,Current Employees
3,2,1945,4,No,No,1,1,Current Employees
3,3,1568,2,No,No,2,3,Current Employees
3,3,1582,4,No,No,2,3,Current Employees
3,4,1739,3,No,No,3,1,Current Employees
3,4,1492,1,No,No,3,3,Current Employees
3,4,1446,3,No,No,4,2,Current Employees
3,4,1588,1,No,No,3,3,Current Employees
3,2,1787,1,No,No,2,3,Current Employees
3,3,1908,3,No,No,2,1,Current Employees
3,4,1995,1,No,No,2,3,Current Employees
3,4,1479,3,No,No,3,2,Current Employees
3,1,1961,1,No,No,1,2,Current Employees
3,2,1975,1,No,No,1,3,Current Employees
3,2,1740,2,No,No,2,2,Current Employees
3,2,1924,2,No,No,3,2,Current Employees
3,3,1650,3,No,No,3,3,Current Employees
3,3,1836,1,No,No,4,3,Current Employees
3,4,1478,4,No,No,1,3,Current Employees
3,4,1680,1,No,No,1,3,Current Employees
3,4,1469,4,No,No,1,3,Current Employees
3,4,1708,2,No,No,3,3,Current Employees
3,4,1965,1,No,No,4,3,Current Employees
3,4,1602,2,No,No,1,1,Current Employees
3,2,1605,2,No,Yes,3,2,Current Employees
3,4,1937,3,No,Yes,2,3,Current Employees
3,1,1646,3,No,Yes,4,3,Current Employees
3,4,1850,3,No,Yes,4,2,Current Employees
3,3,1683,1,No,Yes,4,3,Current Employees
3,3,2040,3,No,Yes,4,3,Current Employees
3,2,1608,4,No,Yes,4,2,Current Employees
3,3,1827,3,No,Yes,2,3,Current Employees
3,4,1674,2,No,Yes,1,2,Current Employees
3,4,1974,3,No,Yes,4,3,Current Employees
3,4,1886,4,No,Yes,2,3,Current Employees
3,2,1893,3,No,Yes,3,2,Current Employees
3,2,1724,2,No,Yes,1,3,Current Employees
3,2,2009,1,No,Yes,4,3,Current Employees
3,3,1661,2,No,Yes,3,3,Current Employees
3,3,1703,2,No,Yes,4,3,Current Employees
3,4,1638,4,No,Yes,3,4,Current Employees
3,3,1614,2,No,Yes,3,3,Current Employees
3,1,1587,3,No,Yes,3,3,Current Employees
3,3,1611,1,No,Yes,1,3,Current Employees
3,3,1980,4,No,Yes,1,3,Current Employees
3,3,1641,4,No,Yes,4,2,Current Employees
3,3,1815,4,No,Yes,3,4,Current Employees
3,3,1912,4,No,Yes,4,3,Current Employees
3,3,1962,4,No,Yes,4,3,Current Employees
3,4,1915,3,No,Yes,4,2,Current Employees
3,2,1880,1,No,Yes,3,3,Current Employees
3,3,1503,3,No,Yes,3,2,Current Employees
3,4,1938,3,No,Yes,4,2,Current Employees
3,4,1445,3,No,Yes,3,3,Current Employees
3,1,1425,4,No,Yes,2,3,Current Employees
3,4,1552,3,No,Yes,4,3,Current Employees
3,3,1948,4,No,Yes,1,4,Current Employees
3,4,1737,4,No,Yes,4,3,Current Employees
3,4,1774,3,No,Yes,3,3,Current Employees
3,1,1642,3,No,Yes,4,3,Current Employees
3,4,1972,2,No,Yes,2,3,Current Employees
3,1,1837,2,No,Yes,3,3,Current Employees
3,3,1932,2,No,Yes,4,3,Current Employees
3,1,1594,4,No,Yes,1,3,Current Employees
3,2,1606,3,No,Yes,3,3,Current Employees
3,4,1547,3,No,Yes,4,1,Current Employees
3,3,2049,4,No,Yes,3,4,Current Employees
3,1,1704,3,No,Yes,4,4,Current Employees
3,2,1496,2,No,Yes,3,2,Current Employees
3,3,1539,4,No,Yes,4,3,Current Employees
3,4,1753,4,No,Yes,3,4,Current Employees
3,3,1927,3,No,Yes,4,3,Current Employees
3,3,1973,1,No,Yes,2,3,Current Employees
3,2,1460,2,No,Yes,1,3,Current Employees
3,3,1789,3,No,Yes,4,3,Current Employees
3,4,1998,3,No,Yes,1,2,Current Employees
3,4,1992,3,No,Yes,3,2,Current Employees
3,2,1448,1,No,Yes,3,2,Current Employees
3,4,1501,2,No,Yes,3,3,Current Employees
3,2,1766,3,No,Yes,4,3,Current Employees
3,2,1549,2,No,Yes,3,3,Current Employees
3,4,2053,1,No,Yes,2,3,Current Employees
3,4,1790,4,No,Yes,1,3,Current Employees
3,4,2003,3,No,Yes,3,3,Current Employees
3,2,1465,4,No,Yes,4,4,Current Employees
3,4,1755,1,No,Yes,4,3,Current Employees
3,2,1586,4,No,Yes,1,3,Current Employees
3,2,2020,3,No,Yes,4,3,Current Employees
3,4,1515,1,No,Yes,3,3,Current Employees
3,1,1669,2,No,Yes,2,2,Current Employees
3,3,1732,2,No,Yes,4,2,Current Employees
3,2,1943,3,No,Yes,4,3,Current Employees
3,4,1535,4,No,Yes,3,3,Current Employees
3,3,1591,3,No,Yes,3,3,Current Employees
3,4,1706,1,No,Yes,4,3,Current Employees
3,3,1882,4,No,Yes,4,3,Current Employees
3,3,2021,4,No,Yes,1,3,Current Employees
3,4,1678,4,No,Yes,3,3,Current Employees
4,3,1979,3,No,No,3,4,Current Employees
4,3,1845,2,No,No,3,4,Current Employees
4,2,1520,1,No,No,4,3,Current Employees
4,4,1675,2,No,No,2,3,Current Employees
4,4,1736,4,No,No,4,2,Current Employees
4,3,1744,3,No,No,3,4,Current Employees
4,2,1622,2,No,No,1,2,Current Employees
4,1,1581,1,No,No,4,3,Current Employees
4,1,2034,3,No,No,2,3,Current Employees
4,1,1441,4,No,No,1,4,Current Employees
4,2,1665,3,No,No,3,3,Current Employees
4,3,1509,1,No,No,1,3,Current Employees
4,3,1834,3,No,No,1,3,Current Employees
4,2,1864,4,No,No,3,3,Current Employees
4,3,1909,3,No,No,2,3,Current Employees
4,2,1554,1,No,No,3,3,Current Employees
4,4,2035,4,No,No,3,3,Current Employees
4,3,2026,1,No,No,3,2,Current Employees
4,1,1949,2,No,No,2,3,Current Employees
4,3,1712,4,No,No,3,2,Current Employees
4,3,1854,2,No,No,3,2,Current Employees
4,4,1693,3,No,No,4,3,Current Employees
4,2,1824,4,No,No,2,2,Current Employees
4,4,2036,1,No,No,4,2,Current Employees
4,2,1890,4,No,No,4,2,Current Employees
4,4,1970,3,No,No,3,3,Current Employees
4,4,1956,2,No,No,1,3,Current Employees
4,3,1644,2,No,No,4,3,Current Employees
4,1,1849,3,No,No,4,3,Current Employees
4,3,1499,1,No,No,3,4,Current Employees
4,3,1697,3,No,No,4,4,Current Employees
4,4,1664,1,No,No,1,3,Current Employees
4,3,1772,2,No,No,1,3,Current Employees
4,2,1768,2,No,No,2,2,Current Employees
4,4,1654,3,No,No,2,3,Current Employees
4,1,1936,4,No,No,1,3,Current Employees
4,2,1873,2,No,No,4,4,Current Employees
4,2,1483,1,No,No,3,2,Current Employees
4,3,1666,1,No,No,3,3,Current Employees
4,4,1999,1,No,No,4,3,Current Employees
4,4,1546,4,No,No,4,3,Current Employees
4,1,1993,2,No,No,3,3,Current Employees
4,3,1800,3,No,No,3,3,Current Employees
4,3,1516,2,No,No,4,4,Current Employees
4,4,1966,2,No,No,4,3,Current Employees
4,4,1595,4,No,No,4,3,Current Employees
4,3,1578,3,No,No,4,3,Current Employees
4,2,1823,3,No,No,3,3,Current Employees
4,1,1950,1,No,No,4,2,Current Employees
4,1,1775,4,No,Yes,3,2,Current Employees
4,3,1681,3,No,Yes,4,3,Current Employees
4,3,2017,1,No,Yes,4,3,Current Employees
4,4,1423,3,No,Yes,1,3,Current Employees
4,4,1847,4,No,Yes,2,3,Current Employees
4,1,2018,2,No,Yes,3,2,Current Employees
4,2,1835,1,No,Yes,4,2,Current Employees
4,3,1550,4,No,Yes,4,3,Current Employees
4,2,2064,2,No,Yes,2,3,Current Employees
4,4,1885,3,No,Yes,1,3,Current Employees
4,2,1541,2,No,Yes,3,3,Current Employees
4,3,1556,4,No,Yes,4,2,Current Employees
3,3,1747,3,Yes,No,4,2,Ex-Employees
3,1,1944,1,Yes,No,2,3,Ex-Employees
3,3,1459,1,Yes,No,2,3,Ex-Employees
3,4,1537,1,Yes,No,3,1,Ex-Employees
3,1,1487,1,Yes,No,2,1,Ex-Employees
3,2,1427,2,Yes,No,3,3,Ex-Employees
3,1,1467,4,Yes,No,3,3,Ex-Employees
3,3,1572,2,Yes,No,4,3,Ex-Employees
3,1,1433,3,Yes,No,2,4,Ex-Employees
3,2,1752,3,Yes,No,2,3,Ex-Employees
3,4,1807,3,Yes,No,1,2,Ex-Employees
3,3,1504,3,Yes,No,1,2,Ex-Employees
3,2,2044,4,Yes,No,3,3,Ex-Employees
3,3,1716,3,Yes,No,3,1,Ex-Employees
3,1,1486,4,Yes,No,3,4,Ex-Employees
3,4,2023,1,Yes,No,1,2,Ex-Employees
3,3,1928,4,Yes,No,1,3,Ex-Employees
3,4,1842,3,Yes,No,1,3,Ex-Employees
3,4,1714,3,Yes,No,3,3,Ex-Employees
3,3,1960,1,Yes,No,4,2,Ex-Employees
3,4,2032,4,Yes,No,3,1,Ex-Employees
3,3,1573,1,Yes,No,2,3,Ex-Employees
3,1,1522,3,Yes,No,1,1,Ex-Employees
3,1,1907,4,Yes,No,4,3,Ex-Employees
3,4,1534,2,Yes,No,1,1,Ex-Employees
3,4,1809,2,Yes,No,1,1,Ex-Employees
3,4,1692,1,Yes,No,2,3,Ex-Employees
3,1,1457,1,Yes,No,4,4,Ex-Employees
3,1,1439,1,Yes,No,1,3,Ex-Employees
3,4,1639,3,Yes,No,1,3,Ex-Employees
3,2,1562,4,Yes,No,1,3,Ex-Employees
3,1,1761,1,Yes,No,3,3,Ex-Employees
3,1,1734,2,Yes,No,2,3,Ex-Employees
3,2,1780,2,Yes,No,2,3,Ex-Employees
3,2,1876,3,Yes,No,4,2,Ex-Employees
3,1,1939,1,Yes,Yes,3,3,Ex-Employees
3,3,1421,1,Yes,Yes,4,3,Ex-Employees
3,4,1691,3,Yes,Yes,3,3,Ex-Employees
3,2,1624,3,Yes,Yes,4,4,Ex-Employees
3,4,1818,3,Yes,Yes,2,3,Ex-Employees
3,1,1569,4,Yes,Yes,1,3,Ex-Employees
3,3,1783,3,Yes,Yes,1,3,Ex-Employees
3,4,1933,4,Yes,Yes,3,3,Ex-Employees
3,3,1792,3,Yes,Yes,2,2,Ex-Employees
3,2,1464,3,Yes,Yes,4,1,Ex-Employees
3,3,1767,4,Yes,Yes,3,3,Ex-Employees
3,2,1494,3,Yes,Yes,1,2,Ex-Employees
3,1,1967,3,Yes,Yes,4,3,Ex-Employees
3,1,1844,4,Yes,Yes,1,3,Ex-Employees
3,1,2027,2,Yes,Yes,4,4,Ex-Employees
3,3,1604,3,Yes,Yes,2,3,Ex-Employees
3,1,1649,2,Yes,Yes,1,1,Ex-Employees
3,4,1684,1,Yes,Yes,3,3,Ex-Employees
3,4,2055,2,Yes,Yes,1,3,Ex-Employees
3,1,1645,4,Yes,Yes,4,2,Ex-Employees
3,2,1733,2,Yes,Yes,1,3,Ex-Employees
3,1,1968,2,Yes,Yes,1,2,Ex-Employees
3,3,1862,3,Yes,Yes,2,2,Ex-Employees
3,3,1797,4,Yes,Yes,4,3,Ex-Employees
4,4,1821,4,Yes,No,2,4,Ex-Employees
4,3,1869,3,Yes,No,2,3,Ex-Employees
4,1,1420,1,Yes,No,1,3,Ex-Employees
4,1,1458,2,Yes,Yes,1,4,Ex-Employees
4,1,1489,3,Yes,Yes,2,4,Ex-Employees
4,1,1758,3,Yes,Yes,1,2,Ex-Employees
4,4,1905,2,Yes,Yes,1,3,Ex-Employees
4,4,1868,2,Yes,Yes,4,2,Ex-Employees
4,4,1667,1,Yes,Yes,4,4,Ex-Employees
4,4,1878,1,Yes,Yes,2,3,Ex-Employees
4,3,1702,2,Yes,Yes,4,3,Ex-Employees
